metric,mean,std
best_cv_acc,0.5565576102418207,0.021768656675519818
test_acc,0.5727272727272728,0.09958591954639386
test_precision,0.6005194805194805,0.15432850174002558
test_recall,0.4909090909090909,0.08131156281817414
test_f1,0.5367099567099567,0.09773411595797696
test_roc_auc,0.5826446280991735,0.10897658672926108
