metric,mean,std
best_cv_acc,0.5523755334281649,0.01590865277673068
test_acc,0.6636363636363637,0.1228114189646027
test_precision,0.7414285714285714,0.19913076413374653
test_recall,0.5818181818181818,0.049792959773196935
test_f1,0.6414903926482873,0.0878289185761356
test_roc_auc,0.6809917355371902,0.13198582567490397
