seed,model,best_cv_acc,test_acc,test_roc_auc,best_params,test_precision,test_recall,test_f1
0,logreg_l2,0.5714082503556187,0.6818181818181818,0.5743801652892562,"{'clf__C': 0.01, 'clf__class_weight': None}",0.75,0.5454545454545454,0.631578947368421
1,logreg_l2,0.5448079658605975,0.7272727272727273,0.7561983471074382,"{'clf__C': 0.01, 'clf__class_weight': None}",0.8571428571428571,0.5454545454545454,0.6666666666666666
2,logreg_l2,0.5337126600284494,0.5,0.5743801652892562,"{'clf__C': 0.01, 'clf__class_weight': 'balanced'}",0.5,0.6363636363636364,0.56
3,logreg_l2,0.5455192034139402,0.8181818181818182,0.8760330578512397,"{'clf__C': 0.01, 'clf__class_weight': None}",1.0,0.6363636363636364,0.7777777777777778
5,logreg_l2,0.5664295874822189,0.5909090909090909,0.6239669421487604,"{'clf__C': 0.01, 'clf__class_weight': None}",0.6,0.5454545454545454,0.5714285714285714
