metric,mean,std
best_cv_acc,0.5704409672830726,0.019665531858185193
test_acc,0.6,0.09854310631217637
test_precision,0.6654029304029304,0.16187117398108047
test_recall,0.509090909090909,0.1036523113726489
test_f1,0.5603356216628528,0.07430192990040498
test_roc_auc,0.6446280991735538,0.12223305336982682
