metric,mean,std
best_cv_acc,0.5620483641536274,0.012042577136034613
test_acc,0.5818181818181818,0.12613124477737825
test_precision,0.6182117882117881,0.18284302809399627
test_recall,0.5272727272727272,0.09958591954639383
test_f1,0.5615971747550694,0.11102098138095053
test_roc_auc,0.6066115702479339,0.16447111570039777
