seed,model,best_cv_acc,test_acc,test_roc_auc,best_params,test_precision,test_recall,test_f1
0,knn,0.5708392603129446,0.5454545454545454,0.4793388429752066,"{'clf__n_neighbors': 15, 'clf__p': 1, 'clf__weights': 'distance'}",0.5555555555555556,0.45454545454545453,0.5
1,knn,0.5557610241820768,0.7272727272727273,0.8429752066115702,"{'clf__n_neighbors': 3, 'clf__p': 1, 'clf__weights': 'uniform'}",0.8571428571428571,0.5454545454545454,0.6666666666666666
2,knn,0.5389758179231863,0.5,0.5661157024793388,"{'clf__n_neighbors': 3, 'clf__p': 1, 'clf__weights': 'uniform'}",0.5,0.5454545454545454,0.5217391304347826
3,knn,0.5715504978662873,0.7272727272727273,0.743801652892562,"{'clf__n_neighbors': 9, 'clf__p': 1, 'clf__weights': 'uniform'}",0.8571428571428571,0.5454545454545454,0.6666666666666666
5,knn,0.5608819345661452,0.4090909090909091,0.5041322314049587,"{'clf__n_neighbors': 5, 'clf__p': 1, 'clf__weights': 'uniform'}",0.4166666666666667,0.45454545454545453,0.43478260869565216
