metric,mean,std
best_cv_acc,0.559601706970128,0.013331103995595938
test_acc,0.5818181818181818,0.14156737729452215
test_precision,0.6373015873015873,0.20668470893862728
test_recall,0.509090909090909,0.04979295977319691
test_f1,0.5579710144927537,0.10425720702853736
test_roc_auc,0.6272727272727272,0.15881966788352148
