metric,mean,std
best_cv_acc,0.5555903271692746,0.019660129260644185
test_acc,0.6454545454545455,0.12613124477737825
test_precision,0.7057142857142857,0.2127564478986453
test_recall,0.5272727272727272,0.20730462274529782
test_f1,0.5845079365079364,0.19259854633509185
test_roc_auc,0.6677685950413224,0.1802050907586472
