metric,mean,std
best_cv_acc,0.5947083926031296,0.025016440065935
test_acc,0.6818181818181819,0.10163945352271775
test_precision,0.7071717171717171,0.13275259970830453
test_recall,0.6727272727272726,0.08131156281817419
test_f1,0.6821199852778801,0.07911402776097723
test_roc_auc,0.690909090909091,0.08312874734203632
