seed,model,best_cv_acc,test_acc,test_roc_auc,best_params,test_precision,test_recall,test_f1
0,logreg_l2,0.5712660028449502,0.5,0.3842975206611571,"{'clf__C': 1, 'clf__class_weight': None}",0.5,0.18181818181818182,0.26666666666666666
1,logreg_l2,0.5553342816500711,0.7272727272727273,0.7644628099173555,"{'clf__C': 0.01, 'clf__class_weight': 'balanced'}",0.8571428571428571,0.5454545454545454,0.6666666666666666
2,logreg_l2,0.523470839260313,0.5909090909090909,0.7066115702479339,"{'clf__C': 10, 'clf__class_weight': None}",0.5714285714285714,0.7272727272727273,0.64
3,logreg_l2,0.5559032716927453,0.8181818181818182,0.859504132231405,"{'clf__C': 0.01, 'clf__class_weight': None}",1.0,0.6363636363636364,0.7777777777777778
5,logreg_l2,0.571977240398293,0.5909090909090909,0.6239669421487604,"{'clf__C': 0.01, 'clf__class_weight': 'balanced'}",0.6,0.5454545454545454,0.5714285714285714
