metric,mean,std
best_cv_acc,0.5609388335704125,0.0216463136689636
test_acc,0.6090909090909091,0.10464422212019397
test_precision,0.6720695970695971,0.16931563330513794
test_recall,0.5272727272727272,0.07606000241218869
test_f1,0.5779826804863821,0.06645302514508865
test_roc_auc,0.6380165289256199,0.12815248157664816
