metric,mean,std
best_cv_acc,0.5545092460881935,0.02553578564026599
test_acc,0.5818181818181818,0.10852123987557566
test_precision,0.5383333333333333,0.3603432006049542
test_recall,0.4727272727272728,0.30424000964875475
test_f1,0.476417004048583,0.27477184660502385
test_roc_auc,0.6413223140495867,0.13269546668711607
